STRUCTURE,STRUCTURE_ID,freq,nace_r2,indic_sb,geo,TIME_PERIOD,OBS_VALUE,OBS_FLAG
dataflow,ESTAT:SBS_NA_SCA_R2(1.0),A,B,V11110,EU27_2020,2011,19000,du
dataflow,ESTAT:SBS_NA_SCA_R2(1.0),A,B,V11110,EU27_2020,2012,18000,du
dataflow,ESTAT:SBS_NA_SCA_R2(1.0),A,B,V11110,EU27_2020,2013,17700,de
dataflow,ESTAT:SBS_NA_SCA_R2(1.0),A,B,V11110,EU27_2020,2014,18000,du
dataflow,ESTAT:SBS_NA_SCA_R2(1.0),A,B,V11110,EU27_2020,2015,18761,
dataflow,ESTAT:SBS_NA_SCA_R2(1.0),A,B,V11110,EU27_2020,2016,18038,
dataflow,ESTAT:SBS_NA_SCA_R2(1.0),A,B,V11110,EU27_2020,2017,17507,
dataflow,ESTAT:SBS_NA_SCA_R2(1.0),A,B,V11110,EU27_2020,2018,17333,
dataflow,ESTAT:SBS_NA_SCA_R2(1.0),A,B,V11110,EU27_2020,2019,16932,
dataflow,ESTAT:SBS_NA_SCA_R2(1.0),A,B,V11110,EU27_2020,2020,17052,
dataflow,ESTAT:SBS_NA_SCA_R2(1.0),A,B,V16110,EU27_2020,2011,554000,de
dataflow,ESTAT:SBS_NA_SCA_R2(1.0),A,B,V16110,EU27_2020,2012,540000,de
dataflow,ESTAT:SBS_NA_SCA_R2(1.0),A,B,V16110,EU27_2020,2013,520000,de
dataflow,ESTAT:SBS_NA_SCA_R2(1.0),A,B,V16110,EU27_2020,2014,501000,de
dataflow,ESTAT:SBS_NA_SCA_R2(1.0),A,B,V16110,EU27_2020,2015,478000,de
dataflow,ESTAT:SBS_NA_SCA_R2(1.0),A,B,V16110,EU27_2020,2016,453000,de
dataflow,ESTAT:SBS_NA_SCA_R2(1.0),A,B,V16110,EU27_2020,2017,413254,
dataflow,ESTAT:SBS_NA_SCA_R2(1.0),A,B,V16110,EU27_2020,2018,397998,
dataflow,ESTAT:SBS_NA_SCA_R2(1.0),A,B,V16110,EU27_2020,2019,392246,
dataflow,ESTAT:SBS_NA_SCA_R2(1.0),A,B,V16110,EU27_2020,2020,380000,u
dataflow,ESTAT:SBS_NA_SCA_R2(1.0),A,B,V91120,EU27_2020,2011,316,de
dataflow,ESTAT:SBS_NA_SCA_R2(1.0),A,B,V91120,EU27_2020,2012,305,de
dataflow,ESTAT:SBS_NA_SCA_R2(1.0),A,B,V91120,EU27_2020,2013,282,de
dataflow,ESTAT:SBS_NA_SCA_R2(1.0),A,B,V91120,EU27_2020,2014,253,de
dataflow,ESTAT:SBS_NA_SCA_R2(1.0),A,B,V91120,EU27_2020,2015,240,de
dataflow,ESTAT:SBS_NA_SCA_R2(1.0),A,B,V91120,EU27_2020,2016,208,de
dataflow,ESTAT:SBS_NA_SCA_R2(1.0),A,B,V91120,EU27_2020,2017,260,du
dataflow,ESTAT:SBS_NA_SCA_R2(1.0),A,B,V91120,EU27_2020,2018,286,de
dataflow,ESTAT:SBS_NA_SCA_R2(1.0),A,B,V91120,EU27_2020,2019,221.8,e
dataflow,ESTAT:SBS_NA_SCA_R2(1.0),A,B,V91120,EU27_2020,2020,190.4,u
dataflow,ESTAT:SBS_NA_SCA_R2(1.0),A,B,V91130,EU27_2020,2011,107,de
dataflow,ESTAT:SBS_NA_SCA_R2(1.0),A,B,V91130,EU27_2020,2012,106,de
dataflow,ESTAT:SBS_NA_SCA_R2(1.0),A,B,V91130,EU27_2020,2013,100,de
dataflow,ESTAT:SBS_NA_SCA_R2(1.0),A,B,V91130,EU27_2020,2014,92,de
dataflow,ESTAT:SBS_NA_SCA_R2(1.0),A,B,V91130,EU27_2020,2015,91,
dataflow,ESTAT:SBS_NA_SCA_R2(1.0),A,B,V91130,EU27_2020,2016,77,de
dataflow,ESTAT:SBS_NA_SCA_R2(1.0),A,B,V91130,EU27_2020,2017,,c
dataflow,ESTAT:SBS_NA_SCA_R2(1.0),A,B,V91130,EU27_2020,2018,114,
dataflow,ESTAT:SBS_NA_SCA_R2(1.0),A,B,V91130,EU27_2020,2019,86.6,
dataflow,ESTAT:SBS_NA_SCA_R2(1.0),A,B,V91130,EU27_2020,2020,72.4,
dataflow,ESTAT:SBS_NA_SCA_R2(1.0),A,B,V91170,EU27_2020,2011,10.7,de
dataflow,ESTAT:SBS_NA_SCA_R2(1.0),A,B,V91170,EU27_2020,2012,10.2,de
dataflow,ESTAT:SBS_NA_SCA_R2(1.0),A,B,V91170,EU27_2020,2013,12.0,de
dataflow,ESTAT:SBS_NA_SCA_R2(1.0),A,B,V91170,EU27_2020,2014,12.6,de
dataflow,ESTAT:SBS_NA_SCA_R2(1.0),A,B,V91170,EU27_2020,2015,13.9,
dataflow,ESTAT:SBS_NA_SCA_R2(1.0),A,B,V91170,EU27_2020,2016,14.9,de
dataflow,ESTAT:SBS_NA_SCA_R2(1.0),A,B,V91170,EU27_2020,2017,18.0,de
dataflow,ESTAT:SBS_NA_SCA_R2(1.0),A,B,V91170,EU27_2020,2018,16.2,de
dataflow,ESTAT:SBS_NA_SCA_R2(1.0),A,B,V91170,EU27_2020,2019,19.9,e
dataflow,ESTAT:SBS_NA_SCA_R2(1.0),A,B,V91170,EU27_2020,2020,22.5,u
dataflow,ESTAT:SBS_NA_SCA_R2(1.0),A,C,V11110,EU27_2020,2011,2010000,de
dataflow,ESTAT:SBS_NA_SCA_R2(1.0),A,C,V11110,EU27_2020,2012,1980000,de
dataflow,ESTAT:SBS_NA_SCA_R2(1.0),A,C,V11110,EU27_2020,2013,1960000,de
dataflow,ESTAT:SBS_NA_SCA_R2(1.0),A,C,V11110,EU27_2020,2014,1990000,de
dataflow,ESTAT:SBS_NA_SCA_R2(1.0),A,C,V11110,EU27_2020,2015,1965568,
dataflow,ESTAT:SBS_NA_SCA_R2(1.0),A,C,V11110,EU27_2020,2016,1985196,
dataflow,ESTAT:SBS_NA_SCA_R2(1.0),A,C,V11110,EU27_2020,2017,1964946,
dataflow,ESTAT:SBS_NA_SCA_R2(1.0),A,C,V11110,EU27_2020,2018,2025318,
dataflow,ESTAT:SBS_NA_SCA_R2(1.0),A,C,V11110,EU27_2020,2019,2051074,
dataflow,ESTAT:SBS_NA_SCA_R2(1.0),A,C,V11110,EU27_2020,2020,2062589,
dataflow,ESTAT:SBS_NA_SCA_R2(1.0),A,C,V16110,EU27_2020,2011,27900000,de
dataflow,ESTAT:SBS_NA_SCA_R2(1.0),A,C,V16110,EU27_2020,2012,28000000,du
dataflow,ESTAT:SBS_NA_SCA_R2(1.0),A,C,V16110,EU27_2020,2013,27300000,de
dataflow,ESTAT:SBS_NA_SCA_R2(1.0),A,C,V16110,EU27_2020,2014,27400000,de
dataflow,ESTAT:SBS_NA_SCA_R2(1.0),A,C,V16110,EU27_2020,2015,27485634,
dataflow,ESTAT:SBS_NA_SCA_R2(1.0),A,C,V16110,EU27_2020,2016,27882741,
dataflow,ESTAT:SBS_NA_SCA_R2(1.0),A,C,V16110,EU27_2020,2017,28531905,
dataflow,ESTAT:SBS_NA_SCA_R2(1.0),A,C,V16110,EU27_2020,2018,29892974,
dataflow,ESTAT:SBS_NA_SCA_R2(1.0),A,C,V16110,EU27_2020,2019,30158203,
dataflow,ESTAT:SBS_NA_SCA_R2(1.0),A,C,V16110,EU27_2020,2020,29400531,
dataflow,ESTAT:SBS_NA_SCA_R2(1.0),A,C,V91120,EU27_2020,2011,145,de
dataflow,ESTAT:SBS_NA_SCA_R2(1.0),A,C,V91120,EU27_2020,2012,140,de
dataflow,ESTAT:SBS_NA_SCA_R2(1.0),A,C,V91120,EU27_2020,2013,139,de
dataflow,ESTAT:SBS_NA_SCA_R2(1.0),A,C,V91120,EU27_2020,2014,142,de
dataflow,ESTAT:SBS_NA_SCA_R2(1.0),A,C,V91120,EU27_2020,2015,149,de
dataflow,ESTAT:SBS_NA_SCA_R2(1.0),A,C,V91120,EU27_2020,2016,153,
dataflow,ESTAT:SBS_NA_SCA_R2(1.0),A,C,V91120,EU27_2020,2017,154,de
dataflow,ESTAT:SBS_NA_SCA_R2(1.0),A,C,V91120,EU27_2020,2018,152,
dataflow,ESTAT:SBS_NA_SCA_R2(1.0),A,C,V91120,EU27_2020,2019,150.2,
dataflow,ESTAT:SBS_NA_SCA_R2(1.0),A,C,V91120,EU27_2020,2020,147.3,
dataflow,ESTAT:SBS_NA_SCA_R2(1.0),A,C,V91130,EU27_2020,2011,57,de
dataflow,ESTAT:SBS_NA_SCA_R2(1.0),A,C,V91130,EU27_2020,2012,56,de
dataflow,ESTAT:SBS_NA_SCA_R2(1.0),A,C,V91130,EU27_2020,2013,57,de
dataflow,ESTAT:SBS_NA_SCA_R2(1.0),A,C,V91130,EU27_2020,2014,59,de
dataflow,ESTAT:SBS_NA_SCA_R2(1.0),A,C,V91130,EU27_2020,2015,63,de
dataflow,ESTAT:SBS_NA_SCA_R2(1.0),A,C,V91130,EU27_2020,2016,65,
dataflow,ESTAT:SBS_NA_SCA_R2(1.0),A,C,V91130,EU27_2020,2017,68,de
dataflow,ESTAT:SBS_NA_SCA_R2(1.0),A,C,V91130,EU27_2020,2018,69,
dataflow,ESTAT:SBS_NA_SCA_R2(1.0),A,C,V91130,EU27_2020,2019,70.2,
dataflow,ESTAT:SBS_NA_SCA_R2(1.0),A,C,V91130,EU27_2020,2020,67.9,
dataflow,ESTAT:SBS_NA_SCA_R2(1.0),A,C,V91170,EU27_2020,2011,16.2,de
dataflow,ESTAT:SBS_NA_SCA_R2(1.0),A,C,V91170,EU27_2020,2012,16.6,de
dataflow,ESTAT:SBS_NA_SCA_R2(1.0),A,C,V91170,EU27_2020,2013,17.0,de
dataflow,ESTAT:SBS_NA_SCA_R2(1.0),A,C,V91170,EU27_2020,2014,17.0,de
dataflow,ESTAT:SBS_NA_SCA_R2(1.0),A,C,V91170,EU27_2020,2015,17.0,de
dataflow,ESTAT:SBS_NA_SCA_R2(1.0),A,C,V91170,EU27_2020,2016,17.1,
dataflow,ESTAT:SBS_NA_SCA_R2(1.0),A,C,V91170,EU27_2020,2017,16.9,de
dataflow,ESTAT:SBS_NA_SCA_R2(1.0),A,C,V91170,EU27_2020,2018,17.5,
dataflow,ESTAT:SBS_NA_SCA_R2(1.0),A,C,V91170,EU27_2020,2019,17.9,
dataflow,ESTAT:SBS_NA_SCA_R2(1.0),A,C,V91170,EU27_2020,2020,18.9,
dataflow,ESTAT:SBS_NA_SCA_R2(1.0),A,D,V11110,EU27_2020,2011,62200,de
dataflow,ESTAT:SBS_NA_SCA_R2(1.0),A,D,V11110,EU27_2020,2012,68500,de
dataflow,ESTAT:SBS_NA_SCA_R2(1.0),A,D,V11110,EU27_2020,2013,76300,de
dataflow,ESTAT:SBS_NA_SCA_R2(1.0),A,D,V11110,EU27_2020,2014,92600,de
dataflow,ESTAT:SBS_NA_SCA_R2(1.0),A,D,V11110,EU27_2020,2015,96893,
dataflow,ESTAT:SBS_NA_SCA_R2(1.0),A,D,V11110,EU27_2020,2016,105064,
dataflow,ESTAT:SBS_NA_SCA_R2(1.0),A,D,V11110,EU27_2020,2017,98557,
dataflow,ESTAT:SBS_NA_SCA_R2(1.0),A,D,V11110,EU27_2020,2018,163889,
dataflow,ESTAT:SBS_NA_SCA_R2(1.0),A,D,V11110,EU27_2020,2019,173000,e
dataflow,ESTAT:SBS_NA_SCA_R2(1.0),A,D,V11110,EU27_2020,2020,166164,
dataflow,ESTAT:SBS_NA_SCA_R2(1.0),A,D,V16110,EU27_2020,2011,1110000,de
dataflow,ESTAT:SBS_NA_SCA_R2(1.0),A,D,V16110,EU27_2020,2012,1100000,de
dataflow,ESTAT:SBS_NA_SCA_R2(1.0),A,D,V16110,EU27_2020,2013,1080000,de
dataflow,ESTAT:SBS_NA_SCA_R2(1.0),A,D,V16110,EU27_2020,2014,1110000,de
dataflow,ESTAT:SBS_NA_SCA_R2(1.0),A,D,V16110,EU27_2020,2015,1090709,
dataflow,ESTAT:SBS_NA_SCA_R2(1.0),A,D,V16110,EU27_2020,2016,1090000,de
dataflow,ESTAT:SBS_NA_SCA_R2(1.0),A,D,V16110,EU27_2020,2017,1160000,de
dataflow,ESTAT:SBS_NA_SCA_R2(1.0),A,D,V16110,EU27_2020,2018,1299157,
dataflow,ESTAT:SBS_NA_SCA_R2(1.0),A,D,V16110,EU27_2020,2019,1300000,u
dataflow,ESTAT:SBS_NA_SCA_R2(1.0),A,D,V16110,EU27_2020,2020,1310000,e
dataflow,ESTAT:SBS_NA_SCA_R2(1.0),A,D,V91120,EU27_2020,2011,325,de
dataflow,ESTAT:SBS_NA_SCA_R2(1.0),A,D,V91120,EU27_2020,2012,340,de
dataflow,ESTAT:SBS_NA_SCA_R2(1.0),A,D,V91120,EU27_2020,2013,336,de
dataflow,ESTAT:SBS_NA_SCA_R2(1.0),A,D,V91120,EU27_2020,2014,310,de
dataflow,ESTAT:SBS_NA_SCA_R2(1.0),A,D,V91120,EU27_2020,2015,301,de
dataflow,ESTAT:SBS_NA_SCA_R2(1.0),A,D,V91120,EU27_2020,2016,302,de
dataflow,ESTAT:SBS_NA_SCA_R2(1.0),A,D,V91120,EU27_2020,2017,290,du
dataflow,ESTAT:SBS_NA_SCA_R2(1.0),A,D,V91120,EU27_2020,2018,274,
dataflow,ESTAT:SBS_NA_SCA_R2(1.0),A,D,V91120,EU27_2020,2019,290.1,u
dataflow,ESTAT:SBS_NA_SCA_R2(1.0),A,D,V91120,EU27_2020,2020,289.1,e
dataflow,ESTAT:SBS_NA_SCA_R2(1.0),A,D,V91130,EU27_2020,2011,176,de
dataflow,ESTAT:SBS_NA_SCA_R2(1.0),A,D,V91130,EU27_2020,2012,190,de
dataflow,ESTAT:SBS_NA_SCA_R2(1.0),A,D,V91130,EU27_2020,2013,191,de
dataflow,ESTAT:SBS_NA_SCA_R2(1.0),A,D,V91130,EU27_2020,2014,179,de
dataflow,ESTAT:SBS_NA_SCA_R2(1.0),A,D,V91130,EU27_2020,2015,179,de
dataflow,ESTAT:SBS_NA_SCA_R2(1.0),A,D,V91130,EU27_2020,2016,180,du
dataflow,ESTAT:SBS_NA_SCA_R2(1.0),A,D,V91130,EU27_2020,2017,182,de
dataflow,ESTAT:SBS_NA_SCA_R2(1.0),A,D,V91130,EU27_2020,2018,186,
dataflow,ESTAT:SBS_NA_SCA_R2(1.0),A,D,V91130,EU27_2020,2019,197.4,e
dataflow,ESTAT:SBS_NA_SCA_R2(1.0),A,D,V91130,EU27_2020,2020,201.8,
dataflow,ESTAT:SBS_NA_SCA_R2(1.0),A,D,V91170,EU27_2020,2011,,c
dataflow,ESTAT:SBS_NA_SCA_R2(1.0),A,D,V91170,EU27_2020,2012,,c
dataflow,ESTAT:SBS_NA_SCA_R2(1.0),A,D,V91170,EU27_2020,2013,,c
dataflow,ESTAT:SBS_NA_SCA_R2(1.0),A,D,V91170,EU27_2020,2014,,c
dataflow,ESTAT:SBS_NA_SCA_R2(1.0),A,D,V91170,EU27_2020,2015,,c
dataflow,ESTAT:SBS_NA_SCA_R2(1.0),A,D,V91170,EU27_2020,2016,,c
dataflow,ESTAT:SBS_NA_SCA_R2(1.0),A,D,V91170,EU27_2020,2017,5.9,
dataflow,ESTAT:SBS_NA_SCA_R2(1.0),A,D,V91170,EU27_2020,2018,5.9,
dataflow,ESTAT:SBS_NA_SCA_R2(1.0),A,D,V91170,EU27_2020,2019,5.9,e
dataflow,ESTAT:SBS_NA_SCA_R2(1.0),A,D,V91170,EU27_2020,2020,6.5,e
dataflow,ESTAT:SBS_NA_SCA_R2(1.0),A,E,V11110,EU27_2020,2011,65165,
dataflow,ESTAT:SBS_NA_SCA_R2(1.0),A,E,V11110,EU27_2020,2012,68255,
dataflow,ESTAT:SBS_NA_SCA_R2(1.0),A,E,V11110,EU27_2020,2013,69075,
dataflow,ESTAT:SBS_NA_SCA_R2(1.0),A,E,V11110,EU27_2020,2014,70607,
dataflow,ESTAT:SBS_NA_SCA_R2(1.0),A,E,V11110,EU27_2020,2015,71344,
dataflow,ESTAT:SBS_NA_SCA_R2(1.0),A,E,V11110,EU27_2020,2016,72923,
dataflow,ESTAT:SBS_NA_SCA_R2(1.0),A,E,V11110,EU27_2020,2017,71347,
dataflow,ESTAT:SBS_NA_SCA_R2(1.0),A,E,V11110,EU27_2020,2018,76000,de
dataflow,ESTAT:SBS_NA_SCA_R2(1.0),A,E,V11110,EU27_2020,2019,77000,e
dataflow,ESTAT:SBS_NA_SCA_R2(1.0),A,E,V11110,EU27_2020,2020,78026,
dataflow,ESTAT:SBS_NA_SCA_R2(1.0),A,E,V16110,EU27_2020,2011,1240000,de
dataflow,ESTAT:SBS_NA_SCA_R2(1.0),A,E,V16110,EU27_2020,2012,1260000,de
dataflow,ESTAT:SBS_NA_SCA_R2(1.0),A,E,V16110,EU27_2020,2013,1290000,de
dataflow,ESTAT:SBS_NA_SCA_R2(1.0),A,E,V16110,EU27_2020,2014,1300000,du
dataflow,ESTAT:SBS_NA_SCA_R2(1.0),A,E,V16110,EU27_2020,2015,1300000,du
dataflow,ESTAT:SBS_NA_SCA_R2(1.0),A,E,V16110,EU27_2020,2016,1380000,de
dataflow,ESTAT:SBS_NA_SCA_R2(1.0),A,E,V16110,EU27_2020,2017,1430000,de
dataflow,ESTAT:SBS_NA_SCA_R2(1.0),A,E,V16110,EU27_2020,2018,1510000,de
dataflow,ESTAT:SBS_NA_SCA_R2(1.0),A,E,V16110,EU27_2020,2019,1560000,e
dataflow,ESTAT:SBS_NA_SCA_R2(1.0),A,E,V16110,EU27_2020,2020,1600000,u
dataflow,ESTAT:SBS_NA_SCA_R2(1.0),A,E,V91120,EU27_2020,2011,190,du
dataflow,ESTAT:SBS_NA_SCA_R2(1.0),A,E,V91120,EU27_2020,2012,182,de
dataflow,ESTAT:SBS_NA_SCA_R2(1.0),A,E,V91120,EU27_2020,2013,185,de
dataflow,ESTAT:SBS_NA_SCA_R2(1.0),A,E,V91120,EU27_2020,2014,180,de
dataflow,ESTAT:SBS_NA_SCA_R2(1.0),A,E,V91120,EU27_2020,2015,179,de
dataflow,ESTAT:SBS_NA_SCA_R2(1.0),A,E,V91120,EU27_2020,2016,183,de
dataflow,ESTAT:SBS_NA_SCA_R2(1.0),A,E,V91120,EU27_2020,2017,182,de
dataflow,ESTAT:SBS_NA_SCA_R2(1.0),A,E,V91120,EU27_2020,2018,178,de
dataflow,ESTAT:SBS_NA_SCA_R2(1.0),A,E,V91120,EU27_2020,2019,175.6,e
dataflow,ESTAT:SBS_NA_SCA_R2(1.0),A,E,V91120,EU27_2020,2020,173.6,u
dataflow,ESTAT:SBS_NA_SCA_R2(1.0),A,E,V91130,EU27_2020,2011,62,de
dataflow,ESTAT:SBS_NA_SCA_R2(1.0),A,E,V91130,EU27_2020,2012,61,de
dataflow,ESTAT:SBS_NA_SCA_R2(1.0),A,E,V91130,EU27_2020,2013,63,de
dataflow,ESTAT:SBS_NA_SCA_R2(1.0),A,E,V91130,EU27_2020,2014,62,de
dataflow,ESTAT:SBS_NA_SCA_R2(1.0),A,E,V91130,EU27_2020,2015,63,de
dataflow,ESTAT:SBS_NA_SCA_R2(1.0),A,E,V91130,EU27_2020,2016,64,de
dataflow,ESTAT:SBS_NA_SCA_R2(1.0),A,E,V91130,EU27_2020,2017,65,de
dataflow,ESTAT:SBS_NA_SCA_R2(1.0),A,E,V91130,EU27_2020,2018,65,de
dataflow,ESTAT:SBS_NA_SCA_R2(1.0),A,E,V91130,EU27_2020,2019,65.8,e
dataflow,ESTAT:SBS_NA_SCA_R2(1.0),A,E,V91130,EU27_2020,2020,66.4,
dataflow,ESTAT:SBS_NA_SCA_R2(1.0),A,E,V91170,EU27_2020,2011,,c
dataflow,ESTAT:SBS_NA_SCA_R2(1.0),A,E,V91170,EU27_2020,2012,,c
dataflow,ESTAT:SBS_NA_SCA_R2(1.0),A,E,V91170,EU27_2020,2013,,c
dataflow,ESTAT:SBS_NA_SCA_R2(1.0),A,E,V91170,EU27_2020,2014,,c
dataflow,ESTAT:SBS_NA_SCA_R2(1.0),A,E,V91170,EU27_2020,2015,,c
dataflow,ESTAT:SBS_NA_SCA_R2(1.0),A,E,V91170,EU27_2020,2016,,c
dataflow,ESTAT:SBS_NA_SCA_R2(1.0),A,E,V91170,EU27_2020,2017,,c
dataflow,ESTAT:SBS_NA_SCA_R2(1.0),A,E,V91170,EU27_2020,2018,21.7,de
dataflow,ESTAT:SBS_NA_SCA_R2(1.0),A,E,V91170,EU27_2020,2019,22.2,u
dataflow,ESTAT:SBS_NA_SCA_R2(1.0),A,E,V91170,EU27_2020,2020,22.6,
dataflow,ESTAT:SBS_NA_SCA_R2(1.0),A,F,V11110,EU27_2020,2011,3025382,
dataflow,ESTAT:SBS_NA_SCA_R2(1.0),A,F,V11110,EU27_2020,2012,3045057,
dataflow,ESTAT:SBS_NA_SCA_R2(1.0),A,F,V11110,EU27_2020,2013,3027669,
dataflow,ESTAT:SBS_NA_SCA_R2(1.0),A,F,V11110,EU27_2020,2014,3174834,
dataflow,ESTAT:SBS_NA_SCA_R2(1.0),A,F,V11110,EU27_2020,2015,3118683,
dataflow,ESTAT:SBS_NA_SCA_R2(1.0),A,F,V11110,EU27_2020,2016,3197745,
dataflow,ESTAT:SBS_NA_SCA_R2(1.0),A,F,V11110,EU27_2020,2017,3193012,
dataflow,ESTAT:SBS_NA_SCA_R2(1.0),A,F,V11110,EU27_2020,2018,3283211,
dataflow,ESTAT:SBS_NA_SCA_R2(1.0),A,F,V11110,EU27_2020,2019,3413290,
dataflow,ESTAT:SBS_NA_SCA_R2(1.0),A,F,V11110,EU27_2020,2020,3536996,
dataflow,ESTAT:SBS_NA_SCA_R2(1.0),A,F,V16110,EU27_2020,2011,11775524,
dataflow,ESTAT:SBS_NA_SCA_R2(1.0),A,F,V16110,EU27_2020,2012,11456431,
dataflow,ESTAT:SBS_NA_SCA_R2(1.0),A,F,V16110,EU27_2020,2013,10958624,
dataflow,ESTAT:SBS_NA_SCA_R2(1.0),A,F,V16110,EU27_2020,2014,11191081,
dataflow,ESTAT:SBS_NA_SCA_R2(1.0),A,F,V16110,EU27_2020,2015,10974098,
dataflow,ESTAT:SBS_NA_SCA_R2(1.0),A,F,V16110,EU27_2020,2016,11294997,
dataflow,ESTAT:SBS_NA_SCA_R2(1.0),A,F,V16110,EU27_2020,2017,11534673,
dataflow,ESTAT:SBS_NA_SCA_R2(1.0),A,F,V16110,EU27_2020,2018,12142526,
dataflow,ESTAT:SBS_NA_SCA_R2(1.0),A,F,V16110,EU27_2020,2019,12687246,
dataflow,ESTAT:SBS_NA_SCA_R2(1.0),A,F,V16110,EU27_2020,2020,12884653,
dataflow,ESTAT:SBS_NA_SCA_R2(1.0),A,F,V91120,EU27_2020,2011,114,
dataflow,ESTAT:SBS_NA_SCA_R2(1.0),A,F,V91120,EU27_2020,2012,110,
dataflow,ESTAT:SBS_NA_SCA_R2(1.0),A,F,V91120,EU27_2020,2013,110,
dataflow,ESTAT:SBS_NA_SCA_R2(1.0),A,F,V91120,EU27_2020,2014,108,
dataflow,ESTAT:SBS_NA_SCA_R2(1.0),A,F,V91120,EU27_2020,2015,110,
dataflow,ESTAT:SBS_NA_SCA_R2(1.0),A,F,V91120,EU27_2020,2016,111,de
dataflow,ESTAT:SBS_NA_SCA_R2(1.0),A,F,V91120,EU27_2020,2017,114,
dataflow,ESTAT:SBS_NA_SCA_R2(1.0),A,F,V91120,EU27_2020,2018,118,
dataflow,ESTAT:SBS_NA_SCA_R2(1.0),A,F,V91120,EU27_2020,2019,117.9,
dataflow,ESTAT:SBS_NA_SCA_R2(1.0),A,F,V91120,EU27_2020,2020,118.2,
dataflow,ESTAT:SBS_NA_SCA_R2(1.0),A,F,V91130,EU27_2020,2011,45,
dataflow,ESTAT:SBS_NA_SCA_R2(1.0),A,F,V91130,EU27_2020,2012,45,
dataflow,ESTAT:SBS_NA_SCA_R2(1.0),A,F,V91130,EU27_2020,2013,46,
dataflow,ESTAT:SBS_NA_SCA_R2(1.0),A,F,V91130,EU27_2020,2014,47,
dataflow,ESTAT:SBS_NA_SCA_R2(1.0),A,F,V91130,EU27_2020,2015,48,
dataflow,ESTAT:SBS_NA_SCA_R2(1.0),A,F,V91130,EU27_2020,2016,49,de
dataflow,ESTAT:SBS_NA_SCA_R2(1.0),A,F,V91130,EU27_2020,2017,51,
dataflow,ESTAT:SBS_NA_SCA_R2(1.0),A,F,V91130,EU27_2020,2018,53,
dataflow,ESTAT:SBS_NA_SCA_R2(1.0),A,F,V91130,EU27_2020,2019,54.8,
dataflow,ESTAT:SBS_NA_SCA_R2(1.0),A,F,V91130,EU27_2020,2020,54.1,
dataflow,ESTAT:SBS_NA_SCA_R2(1.0),A,F,V91170,EU27_2020,2011,21.5,
dataflow,ESTAT:SBS_NA_SCA_R2(1.0),A,F,V91170,EU27_2020,2012,22.2,
dataflow,ESTAT:SBS_NA_SCA_R2(1.0),A,F,V91170,EU27_2020,2013,22.3,
dataflow,ESTAT:SBS_NA_SCA_R2(1.0),A,F,V91170,EU27_2020,2014,22.2,
dataflow,ESTAT:SBS_NA_SCA_R2(1.0),A,F,V91170,EU27_2020,2015,21.8,
dataflow,ESTAT:SBS_NA_SCA_R2(1.0),A,F,V91170,EU27_2020,2016,22.0,de
dataflow,ESTAT:SBS_NA_SCA_R2(1.0),A,F,V91170,EU27_2020,2017,21.7,
dataflow,ESTAT:SBS_NA_SCA_R2(1.0),A,F,V91170,EU27_2020,2018,21.4,
dataflow,ESTAT:SBS_NA_SCA_R2(1.0),A,F,V91170,EU27_2020,2019,21.5,
dataflow,ESTAT:SBS_NA_SCA_R2(1.0),A,F,V91170,EU27_2020,2020,21.8,
dataflow,ESTAT:SBS_NA_SCA_R2(1.0),A,G,V11110,EU27_2020,2011,5891867,
dataflow,ESTAT:SBS_NA_SCA_R2(1.0),A,G,V11110,EU27_2020,2012,5890424,
dataflow,ESTAT:SBS_NA_SCA_R2(1.0),A,G,V11110,EU27_2020,2013,5863719,
dataflow,ESTAT:SBS_NA_SCA_R2(1.0),A,G,V11110,EU27_2020,2014,5930783,
dataflow,ESTAT:SBS_NA_SCA_R2(1.0),A,G,V11110,EU27_2020,2015,5843832,
dataflow,ESTAT:SBS_NA_SCA_R2(1.0),A,G,V11110,EU27_2020,2016,5943235,
dataflow,ESTAT:SBS_NA_SCA_R2(1.0),A,G,V11110,EU27_2020,2017,5765980,
dataflow,ESTAT:SBS_NA_SCA_R2(1.0),A,G,V11110,EU27_2020,2018,5771445,
dataflow,ESTAT:SBS_NA_SCA_R2(1.0),A,G,V11110,EU27_2020,2019,5718891,
dataflow,ESTAT:SBS_NA_SCA_R2(1.0),A,G,V11110,EU27_2020,2020,5686112,
dataflow,ESTAT:SBS_NA_SCA_R2(1.0),A,G,V16110,EU27_2020,2011,28529030,
dataflow,ESTAT:SBS_NA_SCA_R2(1.0),A,G,V16110,EU27_2020,2012,28121134,
dataflow,ESTAT:SBS_NA_SCA_R2(1.0),A,G,V16110,EU27_2020,2013,27652343,
dataflow,ESTAT:SBS_NA_SCA_R2(1.0),A,G,V16110,EU27_2020,2014,27787736,
dataflow,ESTAT:SBS_NA_SCA_R2(1.0),A,G,V16110,EU27_2020,2015,27984821,
dataflow,ESTAT:SBS_NA_SCA_R2(1.0),A,G,V16110,EU27_2020,2016,28591622,
dataflow,ESTAT:SBS_NA_SCA_R2(1.0),A,G,V16110,EU27_2020,2017,28769707,
dataflow,ESTAT:SBS_NA_SCA_R2(1.0),A,G,V16110,EU27_2020,2018,29217920,
dataflow,ESTAT:SBS_NA_SCA_R2(1.0),A,G,V16110,EU27_2020,2019,29428945,
dataflow,ESTAT:SBS_NA_SCA_R2(1.0),A,G,V16110,EU27_2020,2020,29203293,
dataflow,ESTAT:SBS_NA_SCA_R2(1.0),A,G,V91120,EU27_2020,2011,131,
dataflow,ESTAT:SBS_NA_SCA_R2(1.0),A,G,V91120,EU27_2020,2012,126,
dataflow,ESTAT:SBS_NA_SCA_R2(1.0),A,G,V91120,EU27_2020,2013,126,
dataflow,ESTAT:SBS_NA_SCA_R2(1.0),A,G,V91120,EU27_2020,2014,128,
dataflow,ESTAT:SBS_NA_SCA_R2(1.0),A,G,V91120,EU27_2020,2015,131,
dataflow,ESTAT:SBS_NA_SCA_R2(1.0),A,G,V91120,EU27_2020,2016,135,
dataflow,ESTAT:SBS_NA_SCA_R2(1.0),A,G,V91120,EU27_2020,2017,135,
dataflow,ESTAT:SBS_NA_SCA_R2(1.0),A,G,V91120,EU27_2020,2018,137,
dataflow,ESTAT:SBS_NA_SCA_R2(1.0),A,G,V91120,EU27_2020,2019,139.6,
dataflow,ESTAT:SBS_NA_SCA_R2(1.0),A,G,V91120,EU27_2020,2020,139.6,
dataflow,ESTAT:SBS_NA_SCA_R2(1.0),A,G,V91130,EU27_2020,2011,44,
dataflow,ESTAT:SBS_NA_SCA_R2(1.0),A,G,V91130,EU27_2020,2012,43,
dataflow,ESTAT:SBS_NA_SCA_R2(1.0),A,G,V91130,EU27_2020,2013,44,
dataflow,ESTAT:SBS_NA_SCA_R2(1.0),A,G,V91130,EU27_2020,2014,45,
dataflow,ESTAT:SBS_NA_SCA_R2(1.0),A,G,V91130,EU27_2020,2015,46,
dataflow,ESTAT:SBS_NA_SCA_R2(1.0),A,G,V91130,EU27_2020,2016,48,
dataflow,ESTAT:SBS_NA_SCA_R2(1.0),A,G,V91130,EU27_2020,2017,48,
dataflow,ESTAT:SBS_NA_SCA_R2(1.0),A,G,V91130,EU27_2020,2018,49,
dataflow,ESTAT:SBS_NA_SCA_R2(1.0),A,G,V91130,EU27_2020,2019,51.7,
dataflow,ESTAT:SBS_NA_SCA_R2(1.0),A,G,V91130,EU27_2020,2020,51.4,
dataflow,ESTAT:SBS_NA_SCA_R2(1.0),A,G,V91170,EU27_2020,2011,33.9,
dataflow,ESTAT:SBS_NA_SCA_R2(1.0),A,G,V91170,EU27_2020,2012,35.1,
dataflow,ESTAT:SBS_NA_SCA_R2(1.0),A,G,V91170,EU27_2020,2013,35.3,
dataflow,ESTAT:SBS_NA_SCA_R2(1.0),A,G,V91170,EU27_2020,2014,29.9,
dataflow,ESTAT:SBS_NA_SCA_R2(1.0),A,G,V91170,EU27_2020,2015,30.9,
dataflow,ESTAT:SBS_NA_SCA_R2(1.0),A,G,V91170,EU27_2020,2016,30.8,
dataflow,ESTAT:SBS_NA_SCA_R2(1.0),A,G,V91170,EU27_2020,2017,31.2,
dataflow,ESTAT:SBS_NA_SCA_R2(1.0),A,G,V91170,EU27_2020,2018,31.1,
dataflow,ESTAT:SBS_NA_SCA_R2(1.0),A,G,V91170,EU27_2020,2019,30.7,
dataflow,ESTAT:SBS_NA_SCA_R2(1.0),A,G,V91170,EU27_2020,2020,30.8,
dataflow,ESTAT:SBS_NA_SCA_R2(1.0),A,H,V11110,EU27_2020,2011,1091021,
dataflow,ESTAT:SBS_NA_SCA_R2(1.0),A,H,V11110,EU27_2020,2012,1083527,
dataflow,ESTAT:SBS_NA_SCA_R2(1.0),A,H,V11110,EU27_2020,2013,1080077,
dataflow,ESTAT:SBS_NA_SCA_R2(1.0),A,H,V11110,EU27_2020,2014,1098687,
dataflow,ESTAT:SBS_NA_SCA_R2(1.0),A,H,V11110,EU27_2020,2015,1099958,
dataflow,ESTAT:SBS_NA_SCA_R2(1.0),A,H,V11110,EU27_2020,2016,1141302,
dataflow,ESTAT:SBS_NA_SCA_R2(1.0),A,H,V11110,EU27_2020,2017,1157424,
dataflow,ESTAT:SBS_NA_SCA_R2(1.0),A,H,V11110,EU27_2020,2018,1206962,
dataflow,ESTAT:SBS_NA_SCA_R2(1.0),A,H,V11110,EU27_2020,2019,1251019,
dataflow,ESTAT:SBS_NA_SCA_R2(1.0),A,H,V11110,EU27_2020,2020,1279440,
dataflow,ESTAT:SBS_NA_SCA_R2(1.0),A,H,V16110,EU27_2020,2011,9376923,
dataflow,ESTAT:SBS_NA_SCA_R2(1.0),A,H,V16110,EU27_2020,2012,9353130,
dataflow,ESTAT:SBS_NA_SCA_R2(1.0),A,H,V16110,EU27_2020,2013,9331291,
dataflow,ESTAT:SBS_NA_SCA_R2(1.0),A,H,V16110,EU27_2020,2014,9420688,
dataflow,ESTAT:SBS_NA_SCA_R2(1.0),A,H,V16110,EU27_2020,2015,9533568,
dataflow,ESTAT:SBS_NA_SCA_R2(1.0),A,H,V16110,EU27_2020,2016,9885838,
dataflow,ESTAT:SBS_NA_SCA_R2(1.0),A,H,V16110,EU27_2020,2017,10126955,
dataflow,ESTAT:SBS_NA_SCA_R2(1.0),A,H,V16110,EU27_2020,2018,10297335,
dataflow,ESTAT:SBS_NA_SCA_R2(1.0),A,H,V16110,EU27_2020,2019,10448964,
dataflow,ESTAT:SBS_NA_SCA_R2(1.0),A,H,V16110,EU27_2020,2020,10243191,
dataflow,ESTAT:SBS_NA_SCA_R2(1.0),A,H,V91120,EU27_2020,2011,137,
dataflow,ESTAT:SBS_NA_SCA_R2(1.0),A,H,V91120,EU27_2020,2012,136,
dataflow,ESTAT:SBS_NA_SCA_R2(1.0),A,H,V91120,EU27_2020,2013,138,
dataflow,ESTAT:SBS_NA_SCA_R2(1.0),A,H,V91120,EU27_2020,2014,141,
dataflow,ESTAT:SBS_NA_SCA_R2(1.0),A,H,V91120,EU27_2020,2015,141,
dataflow,ESTAT:SBS_NA_SCA_R2(1.0),A,H,V91120,EU27_2020,2016,139,de
dataflow,ESTAT:SBS_NA_SCA_R2(1.0),A,H,V91120,EU27_2020,2017,140,
dataflow,ESTAT:SBS_NA_SCA_R2(1.0),A,H,V91120,EU27_2020,2018,138,
dataflow,ESTAT:SBS_NA_SCA_R2(1.0),A,H,V91120,EU27_2020,2019,138.9,
dataflow,ESTAT:SBS_NA_SCA_R2(1.0),A,H,V91120,EU27_2020,2020,123.7,
dataflow,ESTAT:SBS_NA_SCA_R2(1.0),A,H,V91130,EU27_2020,2011,49,
dataflow,ESTAT:SBS_NA_SCA_R2(1.0),A,H,V91130,EU27_2020,2012,49,
dataflow,ESTAT:SBS_NA_SCA_R2(1.0),A,H,V91130,EU27_2020,2013,50,
dataflow,ESTAT:SBS_NA_SCA_R2(1.0),A,H,V91130,EU27_2020,2014,51,
dataflow,ESTAT:SBS_NA_SCA_R2(1.0),A,H,V91130,EU27_2020,2015,52,
dataflow,ESTAT:SBS_NA_SCA_R2(1.0),A,H,V91130,EU27_2020,2016,51,de
dataflow,ESTAT:SBS_NA_SCA_R2(1.0),A,H,V91130,EU27_2020,2017,52,
dataflow,ESTAT:SBS_NA_SCA_R2(1.0),A,H,V91130,EU27_2020,2018,52,
dataflow,ESTAT:SBS_NA_SCA_R2(1.0),A,H,V91130,EU27_2020,2019,54.1,
dataflow,ESTAT:SBS_NA_SCA_R2(1.0),A,H,V91130,EU27_2020,2020,47.1,
dataflow,ESTAT:SBS_NA_SCA_R2(1.0),A,H,V91170,EU27_2020,2011,25.6,
dataflow,ESTAT:SBS_NA_SCA_R2(1.0),A,H,V91170,EU27_2020,2012,25.5,
dataflow,ESTAT:SBS_NA_SCA_R2(1.0),A,H,V91170,EU27_2020,2013,25.4,
dataflow,ESTAT:SBS_NA_SCA_R2(1.0),A,H,V91170,EU27_2020,2014,24.9,
dataflow,ESTAT:SBS_NA_SCA_R2(1.0),A,H,V91170,EU27_2020,2015,25.3,
dataflow,ESTAT:SBS_NA_SCA_R2(1.0),A,H,V91170,EU27_2020,2016,25.8,de
dataflow,ESTAT:SBS_NA_SCA_R2(1.0),A,H,V91170,EU27_2020,2017,25.7,
dataflow,ESTAT:SBS_NA_SCA_R2(1.0),A,H,V91170,EU27_2020,2018,25.7,
dataflow,ESTAT:SBS_NA_SCA_R2(1.0),A,H,V91170,EU27_2020,2019,25.8,
dataflow,ESTAT:SBS_NA_SCA_R2(1.0),A,H,V91170,EU27_2020,2020,28.4,
dataflow,ESTAT:SBS_NA_SCA_R2(1.0),A,I,V11110,EU27_2020,2011,1696686,
dataflow,ESTAT:SBS_NA_SCA_R2(1.0),A,I,V11110,EU27_2020,2012,1699969,
dataflow,ESTAT:SBS_NA_SCA_R2(1.0),A,I,V11110,EU27_2020,2013,1698854,
dataflow,ESTAT:SBS_NA_SCA_R2(1.0),A,I,V11110,EU27_2020,2014,1767755,
dataflow,ESTAT:SBS_NA_SCA_R2(1.0),A,I,V11110,EU27_2020,2015,1785473,
dataflow,ESTAT:SBS_NA_SCA_R2(1.0),A,I,V11110,EU27_2020,2016,1849311,
dataflow,ESTAT:SBS_NA_SCA_R2(1.0),A,I,V11110,EU27_2020,2017,1850461,
dataflow,ESTAT:SBS_NA_SCA_R2(1.0),A,I,V11110,EU27_2020,2018,1863325,
dataflow,ESTAT:SBS_NA_SCA_R2(1.0),A,I,V11110,EU27_2020,2019,1888142,
dataflow,ESTAT:SBS_NA_SCA_R2(1.0),A,I,V11110,EU27_2020,2020,1842057,
dataflow,ESTAT:SBS_NA_SCA_R2(1.0),A,I,V16110,EU27_2020,2011,8467014,
dataflow,ESTAT:SBS_NA_SCA_R2(1.0),A,I,V16110,EU27_2020,2012,8517734,
dataflow,ESTAT:SBS_NA_SCA_R2(1.0),A,I,V16110,EU27_2020,2013,8427460,
dataflow,ESTAT:SBS_NA_SCA_R2(1.0),A,I,V16110,EU27_2020,2014,8875251,
dataflow,ESTAT:SBS_NA_SCA_R2(1.0),A,I,V16110,EU27_2020,2015,8989124,
dataflow,ESTAT:SBS_NA_SCA_R2(1.0),A,I,V16110,EU27_2020,2016,9700000,de
dataflow,ESTAT:SBS_NA_SCA_R2(1.0),A,I,V16110,EU27_2020,2017,10185538,
dataflow,ESTAT:SBS_NA_SCA_R2(1.0),A,I,V16110,EU27_2020,2018,10653978,
dataflow,ESTAT:SBS_NA_SCA_R2(1.0),A,I,V16110,EU27_2020,2019,10978430,
dataflow,ESTAT:SBS_NA_SCA_R2(1.0),A,I,V16110,EU27_2020,2020,9353797,
dataflow,ESTAT:SBS_NA_SCA_R2(1.0),A,I,V91120,EU27_2020,2011,116,
dataflow,ESTAT:SBS_NA_SCA_R2(1.0),A,I,V91120,EU27_2020,2012,113,
dataflow,ESTAT:SBS_NA_SCA_R2(1.0),A,I,V91120,EU27_2020,2013,113,
dataflow,ESTAT:SBS_NA_SCA_R2(1.0),A,I,V91120,EU27_2020,2014,115,
dataflow,ESTAT:SBS_NA_SCA_R2(1.0),A,I,V91120,EU27_2020,2015,118,
dataflow,ESTAT:SBS_NA_SCA_R2(1.0),A,I,V91120,EU27_2020,2016,121,de
dataflow,ESTAT:SBS_NA_SCA_R2(1.0),A,I,V91120,EU27_2020,2017,122,
dataflow,ESTAT:SBS_NA_SCA_R2(1.0),A,I,V91120,EU27_2020,2018,124,
dataflow,ESTAT:SBS_NA_SCA_R2(1.0),A,I,V91120,EU27_2020,2019,122.7,
dataflow,ESTAT:SBS_NA_SCA_R2(1.0),A,I,V91120,EU27_2020,2020,98.8,
dataflow,ESTAT:SBS_NA_SCA_R2(1.0),A,I,V91130,EU27_2020,2011,25,
dataflow,ESTAT:SBS_NA_SCA_R2(1.0),A,I,V91130,EU27_2020,2012,25,
dataflow,ESTAT:SBS_NA_SCA_R2(1.0),A,I,V91130,EU27_2020,2013,25,
dataflow,ESTAT:SBS_NA_SCA_R2(1.0),A,I,V91130,EU27_2020,2014,25,
dataflow,ESTAT:SBS_NA_SCA_R2(1.0),A,I,V91130,EU27_2020,2015,26,
dataflow,ESTAT:SBS_NA_SCA_R2(1.0),A,I,V91130,EU27_2020,2016,26,
dataflow,ESTAT:SBS_NA_SCA_R2(1.0),A,I,V91130,EU27_2020,2017,26,
dataflow,ESTAT:SBS_NA_SCA_R2(1.0),A,I,V91130,EU27_2020,2018,27,
dataflow,ESTAT:SBS_NA_SCA_R2(1.0),A,I,V91130,EU27_2020,2019,27.1,
dataflow,ESTAT:SBS_NA_SCA_R2(1.0),A,I,V91130,EU27_2020,2020,19.0,
dataflow,ESTAT:SBS_NA_SCA_R2(1.0),A,I,V91170,EU27_2020,2011,29.4,
dataflow,ESTAT:SBS_NA_SCA_R2(1.0),A,I,V91170,EU27_2020,2012,30.0,
dataflow,ESTAT:SBS_NA_SCA_R2(1.0),A,I,V91170,EU27_2020,2013,29.6,
dataflow,ESTAT:SBS_NA_SCA_R2(1.0),A,I,V91170,EU27_2020,2014,29.5,
dataflow,ESTAT:SBS_NA_SCA_R2(1.0),A,I,V91170,EU27_2020,2015,29.3,
dataflow,ESTAT:SBS_NA_SCA_R2(1.0),A,I,V91170,EU27_2020,2016,29.6,
dataflow,ESTAT:SBS_NA_SCA_R2(1.0),A,I,V91170,EU27_2020,2017,29.8,
dataflow,ESTAT:SBS_NA_SCA_R2(1.0),A,I,V91170,EU27_2020,2018,29.8,
dataflow,ESTAT:SBS_NA_SCA_R2(1.0),A,I,V91170,EU27_2020,2019,30.3,
dataflow,ESTAT:SBS_NA_SCA_R2(1.0),A,I,V91170,EU27_2020,2020,33.7,
dataflow,ESTAT:SBS_NA_SCA_R2(1.0),A,J,V11110,EU27_2020,2011,760584,
dataflow,ESTAT:SBS_NA_SCA_R2(1.0),A,J,V11110,EU27_2020,2012,801161,
dataflow,ESTAT:SBS_NA_SCA_R2(1.0),A,J,V11110,EU27_2020,2013,846498,
dataflow,ESTAT:SBS_NA_SCA_R2(1.0),A,J,V11110,EU27_2020,2014,913381,
dataflow,ESTAT:SBS_NA_SCA_R2(1.0),A,J,V11110,EU27_2020,2015,924970,
dataflow,ESTAT:SBS_NA_SCA_R2(1.0),A,J,V11110,EU27_2020,2016,975958,
dataflow,ESTAT:SBS_NA_SCA_R2(1.0),A,J,V11110,EU27_2020,2017,1020448,
dataflow,ESTAT:SBS_NA_SCA_R2(1.0),A,J,V11110,EU27_2020,2018,1063252,
dataflow,ESTAT:SBS_NA_SCA_R2(1.0),A,J,V11110,EU27_2020,2019,1118646,
dataflow,ESTAT:SBS_NA_SCA_R2(1.0),A,J,V11110,EU27_2020,2020,1153048,
dataflow,ESTAT:SBS_NA_SCA_R2(1.0),A,J,V16110,EU27_2020,2011,4800000,de
dataflow,ESTAT:SBS_NA_SCA_R2(1.0),A,J,V16110,EU27_2020,2012,4893182,
dataflow,ESTAT:SBS_NA_SCA_R2(1.0),A,J,V16110,EU27_2020,2013,4959355,
dataflow,ESTAT:SBS_NA_SCA_R2(1.0),A,J,V16110,EU27_2020,2014,5139297,
dataflow,ESTAT:SBS_NA_SCA_R2(1.0),A,J,V16110,EU27_2020,2015,5307173,
dataflow,ESTAT:SBS_NA_SCA_R2(1.0),A,J,V16110,EU27_2020,2016,5500000,de
dataflow,ESTAT:SBS_NA_SCA_R2(1.0),A,J,V16110,EU27_2020,2017,5795481,
dataflow,ESTAT:SBS_NA_SCA_R2(1.0),A,J,V16110,EU27_2020,2018,6170232,
dataflow,ESTAT:SBS_NA_SCA_R2(1.0),A,J,V16110,EU27_2020,2019,6341468,
dataflow,ESTAT:SBS_NA_SCA_R2(1.0),A,J,V16110,EU27_2020,2020,6419526,
dataflow,ESTAT:SBS_NA_SCA_R2(1.0),A,J,V91120,EU27_2020,2011,167,de
dataflow,ESTAT:SBS_NA_SCA_R2(1.0),A,J,V91120,EU27_2020,2012,163,
dataflow,ESTAT:SBS_NA_SCA_R2(1.0),A,J,V91120,EU27_2020,2013,159,
dataflow,ESTAT:SBS_NA_SCA_R2(1.0),A,J,V91120,EU27_2020,2014,156,
dataflow,ESTAT:SBS_NA_SCA_R2(1.0),A,J,V91120,EU27_2020,2015,153,
dataflow,ESTAT:SBS_NA_SCA_R2(1.0),A,J,V91120,EU27_2020,2016,152,de
dataflow,ESTAT:SBS_NA_SCA_R2(1.0),A,J,V91120,EU27_2020,2017,153,
dataflow,ESTAT:SBS_NA_SCA_R2(1.0),A,J,V91120,EU27_2020,2018,152,
dataflow,ESTAT:SBS_NA_SCA_R2(1.0),A,J,V91120,EU27_2020,2019,153.6,
dataflow,ESTAT:SBS_NA_SCA_R2(1.0),A,J,V91120,EU27_2020,2020,156.0,
dataflow,ESTAT:SBS_NA_SCA_R2(1.0),A,J,V91130,EU27_2020,2011,96,de
dataflow,ESTAT:SBS_NA_SCA_R2(1.0),A,J,V91130,EU27_2020,2012,95,
dataflow,ESTAT:SBS_NA_SCA_R2(1.0),A,J,V91130,EU27_2020,2013,94,
dataflow,ESTAT:SBS_NA_SCA_R2(1.0),A,J,V91130,EU27_2020,2014,94,
dataflow,ESTAT:SBS_NA_SCA_R2(1.0),A,J,V91130,EU27_2020,2015,94,
dataflow,ESTAT:SBS_NA_SCA_R2(1.0),A,J,V91130,EU27_2020,2016,94,
dataflow,ESTAT:SBS_NA_SCA_R2(1.0),A,J,V91130,EU27_2020,2017,95,
dataflow,ESTAT:SBS_NA_SCA_R2(1.0),A,J,V91130,EU27_2020,2018,95,
dataflow,ESTAT:SBS_NA_SCA_R2(1.0),A,J,V91130,EU27_2020,2019,99.2,
dataflow,ESTAT:SBS_NA_SCA_R2(1.0),A,J,V91130,EU27_2020,2020,102.1,
dataflow,ESTAT:SBS_NA_SCA_R2(1.0),A,J,V91170,EU27_2020,2011,25.2,de
dataflow,ESTAT:SBS_NA_SCA_R2(1.0),A,J,V91170,EU27_2020,2012,25.2,
dataflow,ESTAT:SBS_NA_SCA_R2(1.0),A,J,V91170,EU27_2020,2013,25.9,
dataflow,ESTAT:SBS_NA_SCA_R2(1.0),A,J,V91170,EU27_2020,2014,26.3,
dataflow,ESTAT:SBS_NA_SCA_R2(1.0),A,J,V91170,EU27_2020,2015,26.8,
dataflow,ESTAT:SBS_NA_SCA_R2(1.0),A,J,V91170,EU27_2020,2016,27.1,
dataflow,ESTAT:SBS_NA_SCA_R2(1.0),A,J,V91170,EU27_2020,2017,26.7,
dataflow,ESTAT:SBS_NA_SCA_R2(1.0),A,J,V91170,EU27_2020,2018,27.2,
dataflow,ESTAT:SBS_NA_SCA_R2(1.0),A,J,V91170,EU27_2020,2019,26.8,
dataflow,ESTAT:SBS_NA_SCA_R2(1.0),A,J,V91170,EU27_2020,2020,27.0,
dataflow,ESTAT:SBS_NA_SCA_R2(1.0),A,L,V11110,EU27_2020,2011,1118010,
dataflow,ESTAT:SBS_NA_SCA_R2(1.0),A,L,V11110,EU27_2020,2012,1216382,
dataflow,ESTAT:SBS_NA_SCA_R2(1.0),A,L,V11110,EU27_2020,2013,1224476,
dataflow,ESTAT:SBS_NA_SCA_R2(1.0),A,L,V11110,EU27_2020,2014,1289519,
dataflow,ESTAT:SBS_NA_SCA_R2(1.0),A,L,V11110,EU27_2020,2015,1219437,
dataflow,ESTAT:SBS_NA_SCA_R2(1.0),A,L,V11110,EU27_2020,2016,1342989,
dataflow,ESTAT:SBS_NA_SCA_R2(1.0),A,L,V11110,EU27_2020,2017,1319778,
dataflow,ESTAT:SBS_NA_SCA_R2(1.0),A,L,V11110,EU27_2020,2018,1283074,
dataflow,ESTAT:SBS_NA_SCA_R2(1.0),A,L,V11110,EU27_2020,2019,1321704,
dataflow,ESTAT:SBS_NA_SCA_R2(1.0),A,L,V11110,EU27_2020,2020,1348281,
dataflow,ESTAT:SBS_NA_SCA_R2(1.0),A,L,V16110,EU27_2020,2011,2100000,du
dataflow,ESTAT:SBS_NA_SCA_R2(1.0),A,L,V16110,EU27_2020,2012,2180265,
dataflow,ESTAT:SBS_NA_SCA_R2(1.0),A,L,V16110,EU27_2020,2013,2199713,
dataflow,ESTAT:SBS_NA_SCA_R2(1.0),A,L,V16110,EU27_2020,2014,2324784,
dataflow,ESTAT:SBS_NA_SCA_R2(1.0),A,L,V16110,EU27_2020,2015,2148090,
dataflow,ESTAT:SBS_NA_SCA_R2(1.0),A,L,V16110,EU27_2020,2016,2380033,
dataflow,ESTAT:SBS_NA_SCA_R2(1.0),A,L,V16110,EU27_2020,2017,2406717,
dataflow,ESTAT:SBS_NA_SCA_R2(1.0),A,L,V16110,EU27_2020,2018,2459806,
dataflow,ESTAT:SBS_NA_SCA_R2(1.0),A,L,V16110,EU27_2020,2019,2528582,
dataflow,ESTAT:SBS_NA_SCA_R2(1.0),A,L,V16110,EU27_2020,2020,2460934,
dataflow,ESTAT:SBS_NA_SCA_R2(1.0),A,L,V91120,EU27_2020,2011,300,du
dataflow,ESTAT:SBS_NA_SCA_R2(1.0),A,L,V91120,EU27_2020,2012,296,
dataflow,ESTAT:SBS_NA_SCA_R2(1.0),A,L,V91120,EU27_2020,2013,293,
dataflow,ESTAT:SBS_NA_SCA_R2(1.0),A,L,V91120,EU27_2020,2014,290,
dataflow,ESTAT:SBS_NA_SCA_R2(1.0),A,L,V91120,EU27_2020,2015,300,
dataflow,ESTAT:SBS_NA_SCA_R2(1.0),A,L,V91120,EU27_2020,2016,293,
dataflow,ESTAT:SBS_NA_SCA_R2(1.0),A,L,V91120,EU27_2020,2017,292,de
dataflow,ESTAT:SBS_NA_SCA_R2(1.0),A,L,V91120,EU27_2020,2018,283,
dataflow,ESTAT:SBS_NA_SCA_R2(1.0),A,L,V91120,EU27_2020,2019,274.5,
dataflow,ESTAT:SBS_NA_SCA_R2(1.0),A,L,V91120,EU27_2020,2020,269.0,
dataflow,ESTAT:SBS_NA_SCA_R2(1.0),A,L,V91130,EU27_2020,2011,160,de
dataflow,ESTAT:SBS_NA_SCA_R2(1.0),A,L,V91130,EU27_2020,2012,166,
dataflow,ESTAT:SBS_NA_SCA_R2(1.0),A,L,V91130,EU27_2020,2013,171,
dataflow,ESTAT:SBS_NA_SCA_R2(1.0),A,L,V91130,EU27_2020,2014,169,
dataflow,ESTAT:SBS_NA_SCA_R2(1.0),A,L,V91130,EU27_2020,2015,169,
dataflow,ESTAT:SBS_NA_SCA_R2(1.0),A,L,V91130,EU27_2020,2016,167,
dataflow,ESTAT:SBS_NA_SCA_R2(1.0),A,L,V91130,EU27_2020,2017,,c
dataflow,ESTAT:SBS_NA_SCA_R2(1.0),A,L,V91130,EU27_2020,2018,162,
dataflow,ESTAT:SBS_NA_SCA_R2(1.0),A,L,V91130,EU27_2020,2019,163.9,
dataflow,ESTAT:SBS_NA_SCA_R2(1.0),A,L,V91130,EU27_2020,2020,165.9,
dataflow,ESTAT:SBS_NA_SCA_R2(1.0),A,L,V91170,EU27_2020,2011,10.0,de
dataflow,ESTAT:SBS_NA_SCA_R2(1.0),A,L,V91170,EU27_2020,2012,9.9,
dataflow,ESTAT:SBS_NA_SCA_R2(1.0),A,L,V91170,EU27_2020,2013,10.1,
dataflow,ESTAT:SBS_NA_SCA_R2(1.0),A,L,V91170,EU27_2020,2014,10.1,
dataflow,ESTAT:SBS_NA_SCA_R2(1.0),A,L,V91170,EU27_2020,2015,10.3,
dataflow,ESTAT:SBS_NA_SCA_R2(1.0),A,L,V91170,EU27_2020,2016,10.5,
dataflow,ESTAT:SBS_NA_SCA_R2(1.0),A,L,V91170,EU27_2020,2017,10.2,de
dataflow,ESTAT:SBS_NA_SCA_R2(1.0),A,L,V91170,EU27_2020,2018,10.9,
dataflow,ESTAT:SBS_NA_SCA_R2(1.0),A,L,V91170,EU27_2020,2019,11.0,
dataflow,ESTAT:SBS_NA_SCA_R2(1.0),A,L,V91170,EU27_2020,2020,11.1,
dataflow,ESTAT:SBS_NA_SCA_R2(1.0),A,M,V11110,EU27_2020,2011,3447437,
dataflow,ESTAT:SBS_NA_SCA_R2(1.0),A,M,V11110,EU27_2020,2012,3555909,
dataflow,ESTAT:SBS_NA_SCA_R2(1.0),A,M,V11110,EU27_2020,2013,3664986,
dataflow,ESTAT:SBS_NA_SCA_R2(1.0),A,M,V11110,EU27_2020,2014,3893128,
dataflow,ESTAT:SBS_NA_SCA_R2(1.0),A,M,V11110,EU27_2020,2015,3938035,
dataflow,ESTAT:SBS_NA_SCA_R2(1.0),A,M,V11110,EU27_2020,2016,4110788,
dataflow,ESTAT:SBS_NA_SCA_R2(1.0),A,M,V11110,EU27_2020,2017,4179909,
dataflow,ESTAT:SBS_NA_SCA_R2(1.0),A,M,V11110,EU27_2020,2018,4310784,
dataflow,ESTAT:SBS_NA_SCA_R2(1.0),A,M,V11110,EU27_2020,2019,4424878,
dataflow,ESTAT:SBS_NA_SCA_R2(1.0),A,M,V11110,EU27_2020,2020,4492712,
dataflow,ESTAT:SBS_NA_SCA_R2(1.0),A,M,V16110,EU27_2020,2011,9300000,de
dataflow,ESTAT:SBS_NA_SCA_R2(1.0),A,M,V16110,EU27_2020,2012,9522757,
dataflow,ESTAT:SBS_NA_SCA_R2(1.0),A,M,V16110,EU27_2020,2013,9669220,
dataflow,ESTAT:SBS_NA_SCA_R2(1.0),A,M,V16110,EU27_2020,2014,10091730,
dataflow,ESTAT:SBS_NA_SCA_R2(1.0),A,M,V16110,EU27_2020,2015,10334274,
dataflow,ESTAT:SBS_NA_SCA_R2(1.0),A,M,V16110,EU27_2020,2016,10854775,
dataflow,ESTAT:SBS_NA_SCA_R2(1.0),A,M,V16110,EU27_2020,2017,10979488,
dataflow,ESTAT:SBS_NA_SCA_R2(1.0),A,M,V16110,EU27_2020,2018,11099373,
dataflow,ESTAT:SBS_NA_SCA_R2(1.0),A,M,V16110,EU27_2020,2019,11399712,
dataflow,ESTAT:SBS_NA_SCA_R2(1.0),A,M,V16110,EU27_2020,2020,11221676,
dataflow,ESTAT:SBS_NA_SCA_R2(1.0),A,M,V91120,EU27_2020,2011,110,du
dataflow,ESTAT:SBS_NA_SCA_R2(1.0),A,M,V91120,EU27_2020,2012,108,
dataflow,ESTAT:SBS_NA_SCA_R2(1.0),A,M,V91120,EU27_2020,2013,109,
dataflow,ESTAT:SBS_NA_SCA_R2(1.0),A,M,V91120,EU27_2020,2014,109,
dataflow,ESTAT:SBS_NA_SCA_R2(1.0),A,M,V91120,EU27_2020,2015,109,
dataflow,ESTAT:SBS_NA_SCA_R2(1.0),A,M,V91120,EU27_2020,2016,108,
dataflow,ESTAT:SBS_NA_SCA_R2(1.0),A,M,V91120,EU27_2020,2017,110,
dataflow,ESTAT:SBS_NA_SCA_R2(1.0),A,M,V91120,EU27_2020,2018,111,
dataflow,ESTAT:SBS_NA_SCA_R2(1.0),A,M,V91120,EU27_2020,2019,108.9,
dataflow,ESTAT:SBS_NA_SCA_R2(1.0),A,M,V91120,EU27_2020,2020,108.1,
dataflow,ESTAT:SBS_NA_SCA_R2(1.0),A,M,V91130,EU27_2020,2011,70,
dataflow,ESTAT:SBS_NA_SCA_R2(1.0),A,M,V91130,EU27_2020,2012,69,
dataflow,ESTAT:SBS_NA_SCA_R2(1.0),A,M,V91130,EU27_2020,2013,71,
dataflow,ESTAT:SBS_NA_SCA_R2(1.0),A,M,V91130,EU27_2020,2014,71,
dataflow,ESTAT:SBS_NA_SCA_R2(1.0),A,M,V91130,EU27_2020,2015,71,
dataflow,ESTAT:SBS_NA_SCA_R2(1.0),A,M,V91130,EU27_2020,2016,71,
dataflow,ESTAT:SBS_NA_SCA_R2(1.0),A,M,V91130,EU27_2020,2017,74,
dataflow,ESTAT:SBS_NA_SCA_R2(1.0),A,M,V91130,EU27_2020,2018,75,
dataflow,ESTAT:SBS_NA_SCA_R2(1.0),A,M,V91130,EU27_2020,2019,76.0,
dataflow,ESTAT:SBS_NA_SCA_R2(1.0),A,M,V91130,EU27_2020,2020,77.7,
dataflow,ESTAT:SBS_NA_SCA_R2(1.0),A,M,V91170,EU27_2020,2011,31.8,
dataflow,ESTAT:SBS_NA_SCA_R2(1.0),A,M,V91170,EU27_2020,2012,32.5,
dataflow,ESTAT:SBS_NA_SCA_R2(1.0),A,M,V91170,EU27_2020,2013,33.0,
dataflow,ESTAT:SBS_NA_SCA_R2(1.0),A,M,V91170,EU27_2020,2014,32.7,
dataflow,ESTAT:SBS_NA_SCA_R2(1.0),A,M,V91170,EU27_2020,2015,32.2,
dataflow,ESTAT:SBS_NA_SCA_R2(1.0),A,M,V91170,EU27_2020,2016,32.6,
dataflow,ESTAT:SBS_NA_SCA_R2(1.0),A,M,V91170,EU27_2020,2017,32.5,
dataflow,ESTAT:SBS_NA_SCA_R2(1.0),A,M,V91170,EU27_2020,2018,32.3,
dataflow,ESTAT:SBS_NA_SCA_R2(1.0),A,M,V91170,EU27_2020,2019,32.8,
dataflow,ESTAT:SBS_NA_SCA_R2(1.0),A,M,V91170,EU27_2020,2020,32.9,
dataflow,ESTAT:SBS_NA_SCA_R2(1.0),A,N,V11110,EU27_2020,2011,1088990,
dataflow,ESTAT:SBS_NA_SCA_R2(1.0),A,N,V11110,EU27_2020,2012,1122154,
dataflow,ESTAT:SBS_NA_SCA_R2(1.0),A,N,V11110,EU27_2020,2013,1168143,
dataflow,ESTAT:SBS_NA_SCA_R2(1.0),A,N,V11110,EU27_2020,2014,1263978,
dataflow,ESTAT:SBS_NA_SCA_R2(1.0),A,N,V11110,EU27_2020,2015,1287547,
dataflow,ESTAT:SBS_NA_SCA_R2(1.0),A,N,V11110,EU27_2020,2016,1370445,
dataflow,ESTAT:SBS_NA_SCA_R2(1.0),A,N,V11110,EU27_2020,2017,1401997,
dataflow,ESTAT:SBS_NA_SCA_R2(1.0),A,N,V11110,EU27_2020,2018,1456301,
dataflow,ESTAT:SBS_NA_SCA_R2(1.0),A,N,V11110,EU27_2020,2019,1528088,
dataflow,ESTAT:SBS_NA_SCA_R2(1.0),A,N,V11110,EU27_2020,2020,1532951,
dataflow,ESTAT:SBS_NA_SCA_R2(1.0),A,N,V16110,EU27_2020,2011,11251824,
dataflow,ESTAT:SBS_NA_SCA_R2(1.0),A,N,V16110,EU27_2020,2012,11193092,
dataflow,ESTAT:SBS_NA_SCA_R2(1.0),A,N,V16110,EU27_2020,2013,11248227,
dataflow,ESTAT:SBS_NA_SCA_R2(1.0),A,N,V16110,EU27_2020,2014,11807590,
dataflow,ESTAT:SBS_NA_SCA_R2(1.0),A,N,V16110,EU27_2020,2015,12134062,
dataflow,ESTAT:SBS_NA_SCA_R2(1.0),A,N,V16110,EU27_2020,2016,13011280,
dataflow,ESTAT:SBS_NA_SCA_R2(1.0),A,N,V16110,EU27_2020,2017,13593451,
dataflow,ESTAT:SBS_NA_SCA_R2(1.0),A,N,V16110,EU27_2020,2018,13871958,
dataflow,ESTAT:SBS_NA_SCA_R2(1.0),A,N,V16110,EU27_2020,2019,13926914,
dataflow,ESTAT:SBS_NA_SCA_R2(1.0),A,N,V16110,EU27_2020,2020,12815380,
dataflow,ESTAT:SBS_NA_SCA_R2(1.0),A,N,V91120,EU27_2020,2011,130,de
dataflow,ESTAT:SBS_NA_SCA_R2(1.0),A,N,V91120,EU27_2020,2012,129,
dataflow,ESTAT:SBS_NA_SCA_R2(1.0),A,N,V91120,EU27_2020,2013,131,
dataflow,ESTAT:SBS_NA_SCA_R2(1.0),A,N,V91120,EU27_2020,2014,132,
dataflow,ESTAT:SBS_NA_SCA_R2(1.0),A,N,V91120,EU27_2020,2015,133,
dataflow,ESTAT:SBS_NA_SCA_R2(1.0),A,N,V91120,EU27_2020,2016,131,
dataflow,ESTAT:SBS_NA_SCA_R2(1.0),A,N,V91120,EU27_2020,2017,133,
dataflow,ESTAT:SBS_NA_SCA_R2(1.0),A,N,V91120,EU27_2020,2018,136,
dataflow,ESTAT:SBS_NA_SCA_R2(1.0),A,N,V91120,EU27_2020,2019,135.6,
dataflow,ESTAT:SBS_NA_SCA_R2(1.0),A,N,V91120,EU27_2020,2020,133.1,
dataflow,ESTAT:SBS_NA_SCA_R2(1.0),A,N,V91130,EU27_2020,2011,31,de
dataflow,ESTAT:SBS_NA_SCA_R2(1.0),A,N,V91130,EU27_2020,2012,31,
dataflow,ESTAT:SBS_NA_SCA_R2(1.0),A,N,V91130,EU27_2020,2013,33,
dataflow,ESTAT:SBS_NA_SCA_R2(1.0),A,N,V91130,EU27_2020,2014,33,
dataflow,ESTAT:SBS_NA_SCA_R2(1.0),A,N,V91130,EU27_2020,2015,34,
dataflow,ESTAT:SBS_NA_SCA_R2(1.0),A,N,V91130,EU27_2020,2016,34,
dataflow,ESTAT:SBS_NA_SCA_R2(1.0),A,N,V91130,EU27_2020,2017,35,
dataflow,ESTAT:SBS_NA_SCA_R2(1.0),A,N,V91130,EU27_2020,2018,37,
dataflow,ESTAT:SBS_NA_SCA_R2(1.0),A,N,V91130,EU27_2020,2019,38.5,
dataflow,ESTAT:SBS_NA_SCA_R2(1.0),A,N,V91130,EU27_2020,2020,38.0,
dataflow,ESTAT:SBS_NA_SCA_R2(1.0),A,N,V91170,EU27_2020,2011,38.3,de
dataflow,ESTAT:SBS_NA_SCA_R2(1.0),A,N,V91170,EU27_2020,2012,38.4,
dataflow,ESTAT:SBS_NA_SCA_R2(1.0),A,N,V91170,EU27_2020,2013,38.2,
dataflow,ESTAT:SBS_NA_SCA_R2(1.0),A,N,V91170,EU27_2020,2014,38.2,
dataflow,ESTAT:SBS_NA_SCA_R2(1.0),A,N,V91170,EU27_2020,2015,38.3,
dataflow,ESTAT:SBS_NA_SCA_R2(1.0),A,N,V91170,EU27_2020,2016,38.7,
dataflow,ESTAT:SBS_NA_SCA_R2(1.0),A,N,V91170,EU27_2020,2017,38.3,
dataflow,ESTAT:SBS_NA_SCA_R2(1.0),A,N,V91170,EU27_2020,2018,38.1,
dataflow,ESTAT:SBS_NA_SCA_R2(1.0),A,N,V91170,EU27_2020,2019,37.8,
dataflow,ESTAT:SBS_NA_SCA_R2(1.0),A,N,V91170,EU27_2020,2020,40.2,
